Username,Logged_in,Password,Messages,Timestamp_last_updated
last_updated,False,,[],2023-04-09 23:23:37.131798
0e961efd-6462-4dd3-b938-71a42d034489,True,hi,"['\'\\\'\\\\\\\'\\\\\\\\\\\\\\\'\\\\\\\\\\\\\\\\\\\\\\\\\\\\\\\'""\\\\\\\\\\\\\\\\\\\\\\\\\\\\\\\\\\\\\\\\\\\\\\\\\\\\\\\\\\\\\\\'0e961efd-6462-4dd3-b938-71a42d034489msgspls!\\\\\\\\\\\\\\\\\\\\\\\\\\\\\\\\\\\\\\\\\\\\\\\\\\\\\\\\\\\\\\\'""\\\\\\\\\\\\\\\\\\\\\\\\\\\\\\\'\\\\\\\\\\\\\\\'\\\\\\\'\\\'\'']",2023-04-09 22:34:16.261645
60a9c17f-6c84-4e67-80ee-74aa70524d1a,True,hi,"['\'\\\'\\\\\\\'\\\\\\\\\\\\\\\'""\\\\\\\\\\\\\\\\\\\\\\\\\\\\\\\'60a9c17f-6c84-4e67-80ee-74aa70524d1ahi\\\\\\\\\\\\\\\\\\\\\\\\\\\\\\\'""\\\\\\\\\\\\\\\'\\\\\\\'\\\'\'']",2023-04-09 22:36:45.479451
c0daef77-8b22-4607-8b58-ba31549bb7a5,True,hi,"['\'\\\'\\\\\\\'""\\\\\\\\\\\\\\\'c0daef77-8b22-4607-8b58-ba31549bb7a5hi\\\\\\\\\\\\\\\'""\\\\\\\'\\\'\'']",2023-04-09 22:39:35.543843
06a119d8-ec11-4771-9e8b-c56771f5c8d2,False,hi,[],2023-04-09 22:42:03.358020
93797205-e403-486f-b904-7dc618f10098,True,hi,[],2023-04-09 23:14:10.360435
8390429a-2bf7-4384-ad08-26791d32db1a,True,hi,"['""\'8390429a-2bf7-4384-ad08-26791d32db1awaiting for failure :( \'""']",2023-04-09 23:18:46.808943
13e7d2b2-c746-4429-b687-c1ede5df959c,True,hi,"[""'13e7d2b2-c746-4429-b687-c1ede5df959cwaiting for failure pt. 2 :( '""]",2023-04-09 23:19:44.617853
fa1bfef6-d65b-48ec-8716-210fa5e8ed34,False,hi,[],2023-04-09 23:23:37.131729
